-- Estrutura: nome,email,data_nascimento,idade,id
,Kieth_Clark2321@zorer.org,2000-05-12 18:26:30,41,1
Andrea Bailey,Andrea_Bailey3082@corti.com,1887-06-15 03:10:50,29,2
Bernadette Lee,Bernadette_Lee4410@hourpy.biz,1843-09-27 07:22:03,56,3
Anthony Leigh,Anthony_Leigh1917@eirey.tech,1955-09-27 20:28:30,61,4
Chad Pierce,Chad_Pierce480@eirey.tech,2002-11-20 22:15:09,37,5
Hank Phillips,Hank_Phillips6190@eirey.tech,1928-12-21 08:21:24,79,6
Luke Martin,Luke_Martin468@muall.tech,1887-09-24 01:31:03,84,7
Ron Lewin,Ron_Lewin3299@deons.tech,1831-04-07 00:34:11,92,8
Deborah Everett,Deborah_Everett8241@nimogy.biz,1908-02-20 14:53:55,75,9
Clint Lloyd,Clint_Lloyd7713@ovock.tech,1948-10-17 01:01:22,92,10
Russel Gilbert,Russel_Gilbert3516@sheye.org,1842-12-18 12:58:31,33,11
Lily Redwood,Lily_Redwood4998@vetan.org,1927-06-26 04:33:21,36,12
Rylee Price,Rylee_Price3667@corti.com,2009-11-26 13:52:22,53,13
Elle Bennett,Elle_Bennett2912@dionrab.com,1955-04-12 19:51:02,64,14
Owen Gavin,Owen_Gavin7497@nanoff.biz,1932-10-22 08:33:09,51,15
Aiden Wilde,Aiden_Wilde1678@gembat.biz,1958-12-12 20:48:50,86,16
Selena Baker,Selena_Baker996@tonsy.org,1931-09-13 12:51:25,95,17
Anais Freeburn,Anais_Freeburn7990@bretoux.com,1830-07-31 17:49:11,93,18
Ember Garcia,Ember_Garcia9747@extex.org,1920-01-25 07:02:04,48,19
Sabrina Cooper,Sabrina_Cooper2163@famism.biz,1872-06-12 00:16:32,67,20
Chris Tailor,Chris_Tailor2181@brety.org,1844-11-03 22:50:50,30,21
Angelique Fleming,Angelique_Fleming9375@liret.org,1917-12-17 21:37:06,75,22
Caleb Fox,Caleb_Fox656@atink.com,1949-01-27 07:17:43,22,23
Rufus Coates,Rufus_Coates5941@bungar.biz,1841-03-09 20:30:14,89,24
Victoria Shaw,Victoria_Shaw9253@kideod.biz,1971-06-01 09:04:57,64,25
Lucas Khan,Lucas_Khan8513@gmail.com,1915-06-11 16:04:04,25,26
Julius Carpenter,Julius_Carpenter8005@atink.com,1901-11-23 17:01:00,29,27
Luke Evans,Luke_Evans2369@tonsy.org,1978-06-20 07:50:35,49,28
Elisabeth Phillips,Elisabeth_Phillips1778@deavo.com,1940-07-05 07:25:13,54,29
Harvey Kaur,Harvey_Kaur1509@dionrab.com,1987-01-12 07:22:45,22,30
Mina Lindsay,Mina_Lindsay8429@infotech44.tech,2006-07-17 00:54:39,65,31
Denis Ellison,Denis_Ellison6912@qater.org,1932-07-01 08:55:05,62,32
Bryon Graham,Bryon_Graham5642@brety.org,1977-11-12 22:14:10,46,33
Maggie Niles,Maggie_Niles5573@supunk.biz,1991-09-25 04:28:12,82,34
Lucas Gunn,Lucas_Gunn6510@ubusive.com,1932-03-16 08:43:17,59,35
Tania Nanton,Tania_Nanton2310@extex.org,1952-05-30 13:29:06,32,36
Courtney Oakley,Courtney_Oakley3172@sveldo.biz,1852-08-25 17:53:17,99,37
Hannah Reese,Hannah_Reese3060@infotech44.tech,1952-08-23 13:08:14,32,38
Megan Tait,Megan_Tait6691@zorer.org,1834-04-03 15:50:33,78,39
Johnathan Mcgregor,Johnathan_Mcgregor339@hourpy.biz,1980-09-26 14:26:31,31,40
Isabel Wills,Isabel_Wills2967@twace.org,1937-11-17 15:58:15,44,41
Tyson Ebden,Tyson_Ebden9356@brety.org,1963-06-27 19:05:25,21,42
Noah Henderson,Noah_Henderson5649@deavo.com,1955-07-11 11:41:28,31,43
Sage Gosling,Sage_Gosling846@gmail.com,2019-12-26 18:38:31,41,44
Johnathan Walker,Johnathan_Walker2562@muall.tech,1991-11-15 10:25:17,27,45
Benny Harris,Benny_Harris4852@nickia.com,1998-03-01 02:51:34,55,46
Stella Moreno,Stella_Moreno1016@bretoux.com,2013-01-14 18:09:33,78,47
Hank Cameron,Hank_Cameron1458@iatim.tech,1979-04-12 07:04:54,88,48
Roger Bentley,Roger_Bentley3627@tonsy.org,1910-02-18 02:07:24,57,49
Daniel Michael,Daniel_Michael811@liret.org,1909-06-14 04:28:55,73,50
Parker Jones,Parker_Jones5524@tonsy.org,1975-11-10 00:50:49,90,51
William Wilkinson,William_Wilkinson7187@liret.org,2018-03-04 12:08:53,88,52
Ron Dale,Ron_Dale733@qater.org,1821-04-11 02:27:54,33,53
Judith Herbert,Judith_Herbert2403@typill.biz,2009-06-10 04:50:10,52,54
Harmony Cann,Harmony_Cann5307@bungar.biz,1991-06-10 22:20:50,36,55
William Bailey,William_Bailey864@hourpy.biz,1896-03-12 12:47:41,33,56
Luna Walker,Luna_Walker6526@jiman.org,1965-04-16 20:42:53,41,57
Winnie Williams,Winnie_Williams4828@elnee.tech,1937-08-08 08:13:08,99,58
Enoch Uttridge,Enoch_Uttridge6943@bretoux.com,1935-08-16 05:02:23,53,59
Francesca Burge,Francesca_Burge9811@sheye.org,1999-09-19 07:37:15,34,60
Maia Hogg,Maia_Hogg5702@kideod.biz,1854-05-03 01:05:39,38,61
Emery Snell,Emery_Snell7017@atink.com,1997-07-12 21:14:20,74,62
Hayden Hunt,Hayden_Hunt4806@zorer.org,1893-10-13 12:58:42,61,63
Joseph Bishop,Joseph_Bishop9531@famism.biz,1980-08-31 07:02:14,29,64
Daphne Franks,Daphne_Franks1530@elnee.tech,1842-04-17 17:26:49,90,65
Aurelia Cattell,Aurelia_Cattell5719@brety.org,1837-11-22 21:56:41,25,66
Gil Franks,Gil_Franks1369@extex.org,1868-06-22 07:41:38,46,67
Isabella Robe,Isabella_Robe2007@nanoff.biz,1880-10-30 11:09:02,80,68
Percy Lynch,Percy_Lynch8405@grannar.com,1856-09-24 10:22:12,96,69
Sylvia Keys,Sylvia_Keys1554@womeona.net,1910-08-08 18:14:09,34,70
Gil Baxter,Gil_Baxter4945@ubusive.com,1839-06-17 01:05:23,53,71
Enoch Tutton,Enoch_Tutton9456@corti.com,1918-07-05 20:31:34,84,72
Anthony Reading,Anthony_Reading6941@irrepsy.com,1856-04-30 12:49:39,77,73
Lexi Roberts,Lexi_Roberts8472@extex.org,1927-07-06 07:39:30,55,74
Melody Collins,Melody_Collins7889@acrit.org,1840-06-23 10:23:39,21,75
Sebastian Atkinson,Sebastian_Atkinson3599@joiniaa.com,1981-02-14 13:05:01,29,76
Alan Hammond,Alan_Hammond6723@bulaffy.com,1892-10-10 17:03:56,95,77
Sebastian Chadwick,Sebastian_Chadwick1244@deavo.com,1902-08-09 22:40:19,48,78
Tony Smith,Tony_Smith6211@tonsy.org,1874-11-07 13:37:25,33,79
Wade Lakey,Wade_Lakey3706@guentu.biz,1992-09-08 21:18:51,99,80
Domenic Weatcroft,Domenic_Weatcroft7261@zorer.org,1880-04-21 05:31:38,18,81
Piper Gunn,Piper_Gunn6513@elnee.tech,1905-07-10 01:47:29,70,82
Elena Collins,Elena_Collins7596@fuliss.net,2009-07-28 13:38:13,87,83
Owen Kidd,Owen_Kidd3431@famism.biz,1886-01-11 15:26:43,90,84
Bart Mcgee,Bart_Mcgee4254@acrit.org,1827-05-15 10:58:55,56,85
Sofie Ring,Sofie_Ring2357@gembat.biz,1856-11-03 17:40:42,94,86
Keira Holt,Keira_Holt8088@womeona.net,1857-07-22 02:24:35,25,87
Danielle Power,Danielle_Power6106@mafthy.com,1966-08-06 03:12:23,97,88
Rick Vallory,Rick_Vallory7557@famism.biz,1886-03-11 18:33:07,88,89
Julia Maxwell,Julia_Maxwell8149@tonsy.org,1915-07-12 17:10:52,31,90
Angelique Martin,Angelique_Martin8490@brety.org,1854-11-22 01:12:37,57,91
Michael Palmer,Michael_Palmer7518@kideod.biz,1836-08-30 19:32:44,35,92
Caleb Nanton,Caleb_Nanton7389@womeona.net,1967-04-29 20:14:25,27,93
Wendy Hamilton,Wendy_Hamilton2339@yahoo.com,1908-12-01 05:50:01,89,94
Oliver Wooldridge,Oliver_Wooldridge6431@qater.org,1825-11-05 16:57:21,26,95
Hank Drew,Hank_Drew6787@typill.biz,1903-02-09 17:38:19,18,96
Susan Neville,Susan_Neville5267@corti.com,1826-08-23 05:02:42,18,97
Janelle Norburn,Janelle_Norburn8807@ovock.tech,1971-08-01 13:38:52,58,98
Jade Boyle,Jade_Boyle3214@cispeto.com,1980-07-23 13:38:25,68,99